{
  "features": {
    "temperature": {
      "mean": 20.437901709401707,
      "std": 3.8641920132549292,
      "p05": 14.02,
      "p95": 25.97
    },
    "rainfall": {
      "mean": 177.59901709401709,
      "std": 187.25163732361534,
      "p05": 5.7,
      "p95": 540.8450000000419
    },
    "humidity": {
      "mean": 78.83549572649572,
      "std": 8.525744863702974,
      "p05": 63.4,
      "p95": 89.6
    },
    "soil_ph": {
      "mean": 6.19501878031878,
      "std": 0.5059327637757582,
      "p05": 5.45,
      "p95": 7.11
    },
    "soil_moisture": {
      "mean": 0.3402018717948718,
      "std": 0.09539261910588206,
      "p05": 0.16559500000000044,
      "p95": 0.4714050000000046
    },
    "light_lux": {
      "mean": 51011.03428890429,
      "std": 11223.581423217294,
      "p05": 32032.0,
      "p95": 69095.0
    },
    "greenness_idx": {
      "mean": 59.0242504042504,
      "std": 11.837106990501226,
      "p05": 38.4,
      "p95": 77.1
    },
    "swvl2": {
      "mean": 0.3406722222222222,
      "std": 0.09502081117416804,
      "p05": 0.166,
      "p95": 0.4768
    },
    "swvl3": {
      "mean": 0.34500041025641026,
      "std": 0.08445109916752223,
      "p05": 0.2,
      "p95": 0.4805050000000046
    },
    "soil_temp": {
      "mean": 19.090714529914532,
      "std": 3.6487193609428106,
      "p05": 13.309500000000044,
      "p95": 24.72
    },
    "temp_max": {
      "mean": 29.571413675213673,
      "std": 3.808229078193254,
      "p05": 22.92,
      "p95": 36.18
    },
    "temp_min": {
      "mean": 14.980178632478632,
      "std": 4.215573357512533,
      "p05": 7.6,
      "p95": 22.190500000000466
    },
    "wind_speed": {
      "mean": 1.2626393162393164,
      "std": 0.6364528833515656,
      "p05": 0.24,
      "p95": 2.46
    }
  }
}