{
  "score_mean": 0.06190949042871628,
  "score_std": 0.034526400018367515,
  "score_p05": 4.483758566532982e-17,
  "score_p95": 0.11043609127543114
}